id,name,rating,price_level,indoor_outdoor,latitude,longitude,features_text
ChIJPTacEpBQwokRKwIlDXelxkA,Statue of Liberty,4.7,PRICE_LEVEL_UNSPECIFIED,Outdoor,40.6892494,-74.04450039999999,historical landmark tourist attraction monument historical place point of interest establishment
ChIJe7vKMf9YwokRIMYfDz7iF9o,Top of The Rock,4.7,PRICE_LEVEL_UNSPECIFIED,Outdoor,40.7593495,-73.9794087,observation deck tourist attraction event venue point of interest establishment
ChIJaXQRs6lZwokRY6EFpJnhNNE,Empire State Building,4.7,PRICE_LEVEL_UNSPECIFIED,Outdoor,40.7484405,-73.98566439999999,historical landmark tourist attraction observation deck historical place museum point of interest establishment
ChIJ4zGFAZpYwokRGUGph3Mf37k,Central Park,4.8,PRICE_LEVEL_UNSPECIFIED,Outdoor,40.7825547,-73.9655834,park tourist attraction garden point of interest establishment
ChIJm9tkjRJawokR1LRAe3Sh-6w,Statue of Liberty Lookout,4.5,PRICE_LEVEL_UNSPECIFIED,Outdoor,40.700923599999996,-74.0151612,tourist attraction scenic spot point of interest establishment
ChIJTWE_0BtawokRVJNGH5RS448,One World Observatory,4.7,PRICE_LEVEL_EXPENSIVE,Outdoor,40.713006199999995,-74.013173,observation deck cocktail bar tourist attraction scenic spot historical landmark historical place event venue bar cafe restaurant food point of interest establishment
ChIJy7cGfBlawokR5l2e93hsoEA,One World Trade Center,4.8,PRICE_LEVEL_EXPENSIVE,Outdoor,40.7127431,-74.0133795,historical landmark tourist attraction historical place point of interest establishment
ChIJ5bQPhMdZwokRkTwKhVxhP1g,The High Line,4.7,PRICE_LEVEL_UNSPECIFIED,Outdoor,40.747992499999995,-74.0047649,park tourist attraction non profit organization association or organization point of interest establishment
ChIJRd-w45BZwokRMluvVXM2Bbk,Washington Square Fountain,4.7,PRICE_LEVEL_UNSPECIFIED,Outdoor,40.7308514,-73.99743110000001,tourist attraction point of interest establishment
ChIJ8VOfr1RYwokRhil9_pcMKuc,Madame Tussauds New York,4.5,PRICE_LEVEL_EXPENSIVE,Outdoor,40.7564752,-73.9883888,tourist attraction museum point of interest establishment
ChIJraKL-BJawokREpxDmF5GcL4,The Battery,4.6,PRICE_LEVEL_FREE,Outdoor,40.702931199999995,-74.0153603,park tourist attraction point of interest establishment
ChIJryEQYRJawokR_bfRRa_lPqs,SeaGlass Carousel,4.5,PRICE_LEVEL_UNSPECIFIED,Outdoor,40.7021532,-74.0150019,tourist attraction point of interest establishment
ChIJAaIFAxdawokR8txc3YPbD3A,Federal Hall National Memorial,4.5,PRICE_LEVEL_UNSPECIFIED,Outdoor,40.7073993,-74.0102088,history museum tourist attraction historical landmark historical place museum point of interest establishment
ChIJy3hd6xpawokR03z35Gt60jU,Berlin Wall,4.2,PRICE_LEVEL_UNSPECIFIED,Outdoor,40.7117091,-74.0166011,tourist attraction point of interest establishment
ChIJ4fr3lAlbwokRldDtOq3vWIU,Seaport District,4.6,PRICE_LEVEL_UNSPECIFIED,Outdoor,40.7070258,-74.0040088,tourist attraction point of interest establishment
ChIJ-_ybRhdawokRxvIN6FhKQG4,Trinity Place Skybridge,4.7,PRICE_LEVEL_UNSPECIFIED,Outdoor,40.7089107,-74.0114035,tourist attraction point of interest establishment
ChIJZx8c96NZwokRJklw7SVhKt4,Flatiron Building,4.5,PRICE_LEVEL_UNSPECIFIED,Outdoor,40.741060499999996,-73.9896986,historical landmark tourist attraction historical place point of interest establishment
ChIJ0bOK8MxbwokRe4bCTMD-GqI,Dr. Sun Yat-sen Plaza,4.2,PRICE_LEVEL_UNSPECIFIED,Outdoor,40.715703999999995,-74.0001022,tourist attraction sculpture historical landmark historical place point of interest establishment
ChIJxXg3sRpawokRtJsxcw2y1bE,Battery Park City Promenade,4.8,PRICE_LEVEL_UNSPECIFIED,Outdoor,40.711479499999996,-74.0180057,scenic spot tourist attraction point of interest establishment
ChIJORNWYChawokR3nt2Jj4ha-s,Museum at Eldridge Street,4.7,PRICE_LEVEL_UNSPECIFIED,Outdoor,40.7147484,-73.99355609999999,history museum tourist attraction museum point of interest establishment
ChIJvSQIgqFZwokRFYQbJdzceSs,Gramercy Tavern,4.6,PRICE_LEVEL_VERY_EXPENSIVE,Indoor,40.7384555,-73.98850639999999,american restaurant restaurant food point of interest establishment
ChIJ58OtM8pZwokRbd6DT6gcVys,La Grande Boucherie,4.6,PRICE_LEVEL_MODERATE,Indoor,40.7626274,-73.98084109999999,french restaurant restaurant food point of interest establishment
ChIJK0Nld6ZZwokRyOd9fsyinLY,The Smith,4.4,PRICE_LEVEL_MODERATE,Indoor,40.7442419,-73.9886085,american restaurant restaurant food point of interest establishment
ChIJm9ZmFPtYwokR4GjMlk_y7Fg,Monkey Bar,4.5,PRICE_LEVEL_EXPENSIVE,Indoor,40.759898199999995,-73.9732046,american restaurant restaurant food point of interest establishment
ChIJoSqkgRZawokR_ZAqr3pOMO8,Harry's,4.5,PRICE_LEVEL_EXPENSIVE,Indoor,40.704676299999996,-74.0097371,american restaurant steak house bar restaurant food point of interest establishment
ChIJt_HATrRbwokREfGhs1PnzwQ,Au Cheval,4.7,PRICE_LEVEL_EXPENSIVE,Indoor,40.7181205,-74.00179419999999,american restaurant restaurant food point of interest establishment
ChIJoTXWl8dbwokRpKA2BJFVsGA,Manhatta,4.7,PRICE_LEVEL_VERY_EXPENSIVE,Indoor,40.707997399999996,-74.00888259999999,fine dining restaurant lounge bar night club bar american restaurant restaurant food point of interest establishment
ChIJg0ZHaSRZwokRHymWtw9gKJk,Jiang Nan NYC,4.8,PRICE_LEVEL_VERY_EXPENSIVE,Indoor,40.7175581,-73.9949693,chinese restaurant restaurant food point of interest establishment
ChIJETquaPVZwokRVYYGSKrg4E0,Bubby's,4.4,PRICE_LEVEL_MODERATE,Indoor,40.719819,-74.0083829,american restaurant western restaurant breakfast restaurant brunch restaurant bakery bar food store restaurant food store point of interest establishment
ChIJyw5j84lZwokRnUI_UknPSNA,Le Coucou,4.5,PRICE_LEVEL_VERY_EXPENSIVE,Indoor,40.7191167,-74.0001861,restaurant fine dining restaurant breakfast restaurant family restaurant french restaurant food point of interest establishment
ChIJXRDwzxtawokRcQTLdZuAsKY,ONE Dine at One World Observatory,4.3,PRICE_LEVEL_EXPENSIVE,Indoor,40.713006199999995,-74.013173,american restaurant steak house fine dining restaurant cocktail bar seafood restaurant event venue bar restaurant food point of interest establishment
ChIJ0yKXaB9awokR6WFqdEE9aBY,1803 NYC,4.5,PRICE_LEVEL_MODERATE,Indoor,40.7154539,-74.00733009999999,cajun restaurant soul food restaurant seafood restaurant live music venue brunch restaurant event venue bar american restaurant restaurant food point of interest establishment
ChIJV7QQ6kdZwokRax4615zpSGU,Le Bernardin,4.6,PRICE_LEVEL_VERY_EXPENSIVE,Indoor,40.7614218,-73.9817558,french restaurant fine dining restaurant restaurant food point of interest establishment
ChIJS1uszZRZwokRbKPTzS6hnWM,Da Andrea Greenwich Village,4.6,PRICE_LEVEL_MODERATE,Indoor,40.7361918,-73.9958515,italian restaurant restaurant food point of interest establishment
ChIJ71HLcIxZwokRXymDgawloWI,Cipriani Downtown,4.1,PRICE_LEVEL_VERY_EXPENSIVE,Indoor,40.7235595,-74.00295559999999,italian restaurant fine dining restaurant cocktail bar bar restaurant food point of interest establishment
ChIJmSvG_ZFZwokRTOFeiLXzkmA,Carbone New York,4.3,PRICE_LEVEL_VERY_EXPENSIVE,Indoor,40.727989099999995,-74.0002414,italian restaurant restaurant food point of interest establishment
ChIJ-0VhGB9awokRksxfZJBvigE,Serafina Tribeca,4.4,PRICE_LEVEL_MODERATE,Indoor,40.7155048,-74.00894509999999,italian restaurant cocktail bar pizza restaurant event venue bar restaurant food point of interest establishment
ChIJ7ek7qdRbwokRt3sVsitU9r4,Watermark,4.3,PRICE_LEVEL_MODERATE,Indoor,40.704516999999996,-74.003123,restaurant lounge bar night club event venue bar american restaurant food point of interest establishment
ChIJfzUD4QJbwokRAZ0n7-0CxuM,Brooklyn Chop House Steakhouse Downtown NYC,4.2,PRICE_LEVEL_EXPENSIVE,Indoor,40.711531699999995,-74.0058832,steak house fine dining restaurant cocktail bar seafood restaurant bar restaurant food point of interest establishment
ChIJcaQCwD1awokRuJEpTiEWOtw,Industry Kitchen,4.3,PRICE_LEVEL_MODERATE,Indoor,40.7048797,-74.0047601,american restaurant cocktail bar pizza restaurant bar restaurant food point of interest establishment
